ID,Price
0,13613.13
1,20761.97
2,26841.55
3,11122.12
4,47471.95333333334
5,26626.65
6,35742.37
7,74240.79
8,20253.8
9,99338.51666666666
10,87273.16
11,13581.38
12,68130.58
13,19530.22
14,69489.54
15,52800.47
16,8968.38
17,18183.56
18,27435.23
19,26578.6
20,20037.66
21,70965.045
22,32512.93
23,40956.54
24,71904.055
25,84815.97
26,26538.52
27,16289.61
28,11098.13
29,33463.35
30,31614.91
31,36594.99
32,37895.08
33,27283.65
34,18823.39
35,12645.02
36,28824.62
37,50233.9
38,22655.01
39,37676.73
40,199796.4225
41,58647.19
42,54938.89
43,36831.38
44,21480.2
45,7239.26
46,39142.14
47,16078.12
48,50209.23
49,23279.19
50,24880.88
51,27587.32
52,38290.86
53,34200.56
54,19965.58
55,22474.46
56,65965.685
57,14601.98
58,14634.06
59,35000.22
60,20218.79
61,27533.39
62,29757.79
63,36211.56
64,51683.6
65,75161.45666666667
66,33499.59
67,39342.4
68,22856.09
69,36862.6
70,38508.58
71,11373.5
72,27540.85
73,25797.86
74,35995.39333333333
75,14512.51
76,14426.59
77,14904.03
78,43723.27
79,29935.47
80,16230.69
81,24547.26
82,163084.98
83,59626.72
84,75052.51333333334
85,36003.56
86,59389.57
87,74728.18
88,63457.45
89,20449.27
90,54200.91333333333
91,49737.73
92,10014.06
93,52918.0
94,27304.36
95,48496.94
96,23456.95
97,29085.92
98,12557.85
99,145979.06
100,9256.27
101,20269.63
102,55712.34
103,9875.08
104,60877.44
105,20613.87
106,24050.85
107,46831.47
108,38734.39
109,32697.33
110,67426.93
111,61550.21
112,116522.04
113,16017.03
114,31702.02
115,19322.28
116,12915.32
117,30969.85
118,24082.13
119,37666.45
120,30819.64
121,31118.38
122,17855.21
123,29773.22
124,19860.47
125,9747.15
126,17633.86
127,38865.94
128,8145.33
129,50376.48
130,87485.46
131,23559.87
132,21088.83
133,19589.22
134,66116.12
135,49976.44000000001
136,34416.48
137,13694.24
138,53581.07
139,25202.03
140,34211.62
141,54037.39
142,27244.56
143,26391.82
144,43403.11
145,10189.05
146,39424.44
147,34750.49
148,29966.91
149,28003.45
150,60407.48
151,19199.02
152,8133.74
153,30973.44
154,26596.56
155,23620.42
156,52179.16
157,22060.69
158,11528.89
159,38395.83
160,65288.81513888888
161,51815.49
162,12688.79
163,35489.27
164,43177.17
165,22849.43
166,28480.1
167,10159.22
168,34590.62
169,13338.18
170,24011.78
171,91638.0792857143
172,9662.59
173,13853.74
174,25430.36
175,14904.31
176,52154.38
177,28401.09
178,152241.045
179,26009.87
180,9041.17
181,36957.91
182,26099.26
183,25222.84
184,44546.85
185,51243.74
186,24587.46
187,29299.96
188,80318.53
189,43467.81
190,23128.03
191,22908.06
192,15149.41
193,15875.06
194,38742.92
195,37286.03
196,21432.18
197,45583.44
198,55065.13
199,49422.33
200,32354.79
201,45731.43
202,14066.89
203,30922.14
204,34363.13
205,34929.8
206,29095.38
207,207613.11
208,24701.1
209,64872.53
210,77722.43733333335
211,42348.1
212,56505.53
213,68057.39
214,31711.6
215,28908.73
216,14413.36
217,23619.24
218,25660.25
219,50644.31
220,17970.96
221,31860.76
222,39581.6
223,6875.99
224,36511.98
225,28862.14
226,79657.68833333334
227,50450.83
228,41324.49
229,19606.34
230,37850.03
231,93758.37
232,26221.5
233,22739.04
234,11514.49
235,87356.95333333334
236,23351.88
237,74541.81466666667
238,16177.93
239,260494.0496666667
240,8795.65
241,19784.1
242,23921.66
243,40586.72
244,35696.91
245,83678.09466666667
246,37202.59
247,35940.37
248,42052.89
249,35334.32
250,16305.19
251,31006.81
252,48187.04
253,26915.66
254,21589.19
255,31085.13
256,35768.77
257,16840.93
258,16128.51
259,110343.26
260,21915.71
261,20009.61
262,9044.59
263,20929.59
264,24274.52
265,35350.59
266,28021.53
267,24047.99
268,14957.8
269,29455.27
270,25873.39
271,48502.97
272,105324.13
273,56561.6
274,43755.31
275,100671.57
276,53571.18
277,29182.72
278,21082.57
279,9262.49
280,50511.91
281,46256.3
282,9758.56
283,29620.93
284,23426.22
285,11241.91
286,35705.31
287,38699.48666666667
288,13603.96
289,48150.03
290,38285.95
291,33000.43
292,17757.37
293,14609.16
294,35196.48
295,42577.24
296,33147.17
297,21469.91
298,16292.12
299,71291.85
300,32095.21
301,13148.5
302,39856.74
303,48223.84
304,50268.43
305,42615.62
306,39690.3
307,97369.91
308,48740.43
309,17707.57
310,29781.55
311,19794.97
312,19416.43
313,62136.31
314,98526.22066666669
315,122224.595
316,64542.86
317,23183.61
318,26707.73
319,7358.97
320,33020.64
321,34499.63
322,23223.37
323,20978.24
324,18286.34
325,33309.35
326,84118.16
327,46493.55
328,19695.22
329,17823.09
330,28440.9
331,81988.755
332,41059.92
333,39742.28
334,8835.7
335,14329.56
336,26546.86
337,39258.02
338,49921.61
339,78777.85
340,29478.64
341,14065.21
342,14499.76
343,22482.62
344,16676.23
345,30608.4
346,21557.93
347,12552.26
348,28188.51
349,81727.50833333335
350,77501.76
351,18924.98
352,98284.62
353,62632.76
354,14637.12
355,6821.74
356,38738.19
357,69538.6
358,48629.5
359,30890.96
360,45119.86
361,37758.75
362,25178.17
363,36061.37
364,10393.78
365,35564.93
366,36917.9
367,38497.55
368,55085.67
369,22075.05
370,7560.62
371,20644.06
372,29423.52
373,45216.66
374,123468.615
375,28304.29
376,35387.97
377,46475.55
378,27972.5
379,109872.75322222222
380,13761.45
381,35465.15
382,14156.51
383,15996.05
384,38785.71
385,51786.04
386,36631.18
387,26488.32
388,65311.67
389,61917.6
390,13256.61
391,13184.58
392,31411.41
393,36932.41
394,17386.55
395,15605.7
396,32887.23
397,41787.67
398,43631.79
399,25663.28
400,88235.77
401,91686.65
402,15749.98
403,126961.35
404,44447.65
405,18092.21
406,24010.38
407,51835.01
408,33223.46
409,50628.25
410,24761.28
411,34211.88
412,15931.75
413,34183.2
414,25594.06
415,35750.95
416,10473.73
417,46848.7
418,52021.22
419,41310.43
420,18777.64
421,39385.09
422,12202.53
423,34653.73
424,55062.51
425,43165.58
426,20909.57
427,66578.5
428,13288.5
429,32433.21
430,17449.18
431,18791.31
432,24493.53
433,50817.36
434,27025.39
435,34367.77
436,61603.92372222222
437,22470.06
438,31099.43
439,41850.49
440,18235.48
441,45717.28
442,49412.32
443,26466.84
444,20478.42
445,17590.8
446,23990.7
447,34397.83
448,38219.66
449,6627.01
450,36200.43
451,29926.02
452,62471.138
453,39282.76
454,107193.89
455,17038.37
456,93674.05
457,19041.79
458,31206.43
459,11017.59
460,22281.98
461,13268.74
462,8364.54
463,24098.61
464,34637.64
465,39018.82
466,17489.84
467,48649.54
468,32117.11
469,37119.88
470,21403.88
471,10181.1
472,16612.31
473,70023.15500000001
474,17437.67
475,63777.34
476,14855.15
477,53213.11
478,78710.3
479,34680.04
480,46773.19
481,202868.89
482,50183.58
483,64899.52
484,28043.39
485,241144.73
486,34260.32
487,55483.52
488,22625.84
489,78014.19866666668
490,22337.69
491,117139.445
492,106941.32
493,20525.25
494,48366.76
495,20953.71
496,11612.86
497,24182.93
498,24488.91
499,24530.18
500,26401.3
501,45675.5
502,26262.44
503,23251.55
504,14921.51
505,51921.53
506,33719.11
507,36343.8
508,14958.31
509,28555.83
510,37535.68
511,12732.86
512,79783.97333333334
513,62296.79
514,21955.01
515,28291.71
516,13938.44
517,34699.89
518,44509.43
519,49616.79
520,6667.01
521,49590.7
522,28317.05
523,21643.49
524,20430.4
525,14331.86
526,14743.89
527,35328.36
528,19615.61
529,53862.4
530,24877.06
531,48625.35
532,53182.29
533,72167.82
534,54187.87
535,28555.77
536,65021.26
537,51188.05
538,17370.86
539,12526.26
540,38900.11
541,40808.69
542,21540.72
543,48367.1
544,22900.4
545,46403.26
546,53941.74
547,55198.91
548,49902.98
549,10874.73
550,21420.79
551,10389.95
552,38126.42
553,50674.36
554,125108.75
555,71687.662
556,11040.35
557,12508.17
558,17996.26
559,23520.32
560,14686.53
561,31764.78
562,15000.5
563,18262.72
564,61245.63
565,33067.33
566,18727.65
567,34515.58
568,124179.35
569,47247.86
570,28783.75
571,169987.125
572,12413.54
573,29010.34
574,51232.78
575,26981.28
576,189318.45
577,24548.68
578,27617.26
579,14962.26
580,31171.02
581,70005.41
582,36209.43
583,20888.12
584,20559.1
585,11556.52
586,28033.67
587,42517.98
588,12832.16
589,18441.61
590,22441.43
591,29699.0
592,23414.65
593,97806.16
594,81772.92
595,93528.28
596,44787.91
597,31264.6
598,36693.04
599,26305.23
600,25722.55
601,11649.48
602,40183.07
603,29231.53
604,29467.87
605,18048.46
606,28744.99
607,48444.99
608,10615.77
609,41516.2
610,61002.37
611,27623.64
612,30373.24
613,42778.28
614,74520.57
615,39464.77
616,25477.06
617,41703.71
618,22223.96
619,21277.0
620,13863.96
621,14163.97
622,231600.62399999998
623,51139.31
624,30831.74
625,33293.5
626,14170.26
627,21024.55
628,65142.08
629,45922.07
630,140633.36
631,84607.735
632,46311.26
633,54462.84
634,33759.46
635,52588.22
636,166265.13833333334
637,28873.5
638,49524.25
639,32914.72
640,54028.36
641,42195.9
642,38339.64
643,65024.697
644,12793.43
645,48013.07
646,20033.52
647,40612.6
648,34588.54
649,19243.97
650,9688.86
651,51106.68666666666
652,11473.73
653,12574.73
654,154412.0
655,17321.01
656,46736.27
657,30583.52
658,18931.65
659,39775.08
660,24934.84
661,13373.68
662,22626.71
663,7834.38
664,34431.24
665,21936.8
666,48775.39
667,26481.19
668,46811.91
669,61392.27
670,35123.78
671,14544.76
672,22729.75
673,46312.75
674,36068.51
675,61612.29166666666
676,34510.24
677,31830.03
678,18012.44
679,65469.47
680,23033.19
681,56129.83
682,13661.7
683,24354.41
684,25286.47
685,57578.57
686,34927.15
687,10718.23
688,36052.77
689,10896.37
690,27508.06
691,17471.23
692,81835.66333333334
693,26369.19
694,42320.47
695,8927.54
696,145214.45
697,51330.11
698,44649.77
699,25829.78
700,35243.93
701,41914.64
702,40235.0
703,29479.44
704,32348.16
705,27730.62
706,16482.16
707,14581.99
708,41925.67
709,22014.05
710,32733.44
711,63283.08
712,40621.73
713,100109.435
714,37039.04
715,19227.88
716,49224.42
717,27689.99
718,78863.45
719,63292.3
720,20218.7
721,39354.18
722,30880.46
723,78617.05
724,61665.89
725,68479.37416666668
726,17090.02
727,16233.85
728,40156.11
729,18925.62
730,18708.83
731,40645.91
732,16450.04
733,171480.21
734,56025.48
735,17576.5
736,44060.81
737,43915.4
738,50937.43333333334
739,13349.66
740,11712.37
741,38090.13
742,36751.02
743,37799.31
744,31336.95
745,44950.19
746,14169.68
747,138346.10166666668
748,23659.01
749,23221.99
750,50879.61
751,32047.64
752,27400.01
753,115355.3
754,19462.59
755,36152.09
756,43045.05
757,12468.59
758,22705.06
759,20550.36
760,56337.97
761,12843.94
762,16051.42
763,82399.79416666666
764,53423.5
765,29238.09
766,85881.73
767,16742.19
768,69221.66078571428
769,39565.09
770,26577.74
771,35303.89
772,50720.98
773,58685.47
774,57380.93
775,52475.59
776,28523.91
777,15001.5
778,34884.84
779,38792.91
780,28484.97
781,17209.4
782,52446.39666666667
783,73381.8215
784,20686.53
785,50711.33
786,29302.15
787,75091.40166666666
788,24390.65
789,13603.7
790,24934.97
791,8207.0
792,10727.14
793,24583.58
794,35947.72
795,30665.63
796,38632.82
797,66505.15
798,17528.16
799,12250.86
800,16519.14
801,55760.09
802,79571.835
803,12998.79
804,29951.86
805,30298.36
806,8618.29
807,28029.04
808,25675.6
809,16995.39
810,43231.35
811,19888.56
812,41454.63
813,23261.4
814,33761.48
815,27731.76
816,41757.77
817,28593.03
818,30958.79
819,93890.16928571429
820,42021.43
821,45061.5
822,90398.77666666667
823,39485.62666666667
824,49233.47
825,27268.23
826,48236.46
827,41974.26
828,76786.00333333333
829,30149.36
830,35203.65
831,39097.53
832,65486.27
833,40184.23
834,6414.77
835,19493.82
836,12384.44
837,21322.0
838,21105.43
839,54591.32
840,34221.43
841,35729.76
842,32733.65
843,35022.75
844,12347.35
845,28894.13
846,54573.31
847,20191.98
848,54608.12
849,14367.0
850,29743.06
851,8602.18
852,63057.86
853,43281.19
854,12702.79
855,35095.52
856,24481.35
857,94461.72
858,39620.33
859,38875.55
860,83630.3
861,29176.74
862,33491.21
863,37503.0
864,64530.19
865,45128.07
866,63778.83
867,16753.44
868,67725.48247222223
869,23039.33
870,11675.12
871,66613.885
872,20452.61
873,45435.04
874,26982.84
875,24587.8
876,53255.13
877,118442.265
878,14220.86
879,10505.27
880,28169.81
881,42758.01
882,73918.88
883,56369.7
884,25680.7
885,18198.36
886,36692.05
887,13332.12
888,360292.52
889,24013.49
890,38969.56
891,12696.5
892,34771.46
893,118015.692
894,54329.98
895,52500.19
896,20187.94
897,46305.42
898,27163.81
899,25363.83
900,31120.05
901,50563.34
902,89872.37666666668
903,49983.23
904,16480.23
905,16419.85
906,18588.5
907,45761.82
908,20764.01
909,28217.82
910,45229.14
911,74485.064
912,45722.59
913,14829.74
914,25334.3
915,26603.05
916,27264.58
917,38746.41
918,21862.03
919,51928.69
920,81244.28
921,25622.02
922,25833.18
923,26217.73
924,15754.12
925,49721.65
926,35243.92
927,40106.44
928,90786.53
929,14862.64
930,18939.13
931,28651.86
932,54775.24
933,30530.74
934,24471.22
935,35966.97333333333
936,37889.66
937,9337.68
938,25483.94
939,34876.58
940,80030.19
941,31306.96
942,9230.35
943,42621.58
944,36669.98
945,14459.88
946,36426.98
947,50617.17
948,22327.09
949,41887.72
950,222427.3
951,9831.57
952,29703.61
953,62564.92
954,36704.43
955,63184.8
956,54347.62
957,17580.77
958,16949.79
959,62670.67
960,51909.83
961,46290.38
962,81105.67666666667
963,49417.73
964,13578.94
965,19222.52
966,21077.9
967,59387.56
968,43154.88
969,17587.98
970,31067.06
971,23619.04
972,47266.78
973,216370.31
974,40014.9
975,17660.53
976,16429.51
977,12468.94
978,21751.51
979,18702.18
980,60349.25
981,40685.17
982,20758.86
983,51608.25
984,14996.19
985,17709.78
986,29618.66
987,70558.86161904762
988,13527.71
989,45939.24
990,12320.76
991,23678.68
992,11337.31
993,18713.99
994,22860.41
995,38168.55
996,49497.67
997,63701.76
998,128866.13
999,56067.37
1000,29630.49
1001,73528.175
1002,14506.3
1003,63908.25
1004,62565.84
1005,38697.56
1006,183731.9025
1007,23105.66
1008,22606.84
1009,33232.0
1010,7845.22
1011,32423.97
1012,61705.36
1013,25826.95
1014,20095.37
1015,56068.64
1016,8251.9
1017,50022.09
1018,14933.35
1019,38200.05
1020,33403.29
1021,33226.57
1022,12749.79
1023,37525.05
1024,23473.89
1025,71213.79161904761
1026,27817.62
1027,26139.4
1028,55647.79
1029,31275.71
1030,48476.58
1031,15635.69
1032,66030.19161904762
1033,23560.56
1034,60670.69
1035,86793.95571428571
1036,30363.04
1037,76826.5
1038,46642.86
1039,68760.18
1040,24910.31
1041,18388.38
1042,23607.71
1043,39220.54
1044,12649.4
1045,49043.39
1046,24401.69
1047,43148.24
1048,37221.18
1049,24524.22
1050,7346.32
1051,39750.93
1052,12957.02
1053,48539.1
1054,29132.77
1055,68352.28
1056,48336.92
1057,48775.39
1058,31890.76
1059,106849.85
1060,93713.66
1061,36691.21666666667
1062,34096.21
1063,33856.25
1064,28242.39
1065,31184.19
1066,45049.31
1067,32035.26
1068,51295.94
1069,12350.77
1070,9532.07
1071,40076.37
1072,32081.64
1073,37163.23
1074,9747.21
1075,23461.39
1076,24289.29
1077,11495.17
1078,121762.99
1079,20494.54
1080,23967.54
1081,37627.35
1082,26371.57
1083,69532.06
1084,34730.39
1085,147521.38
1086,60240.94
1087,45664.67
1088,106094.43
1089,44964.41
1090,114684.29
1091,35574.13
1092,51458.36
1093,16983.37
1094,44759.15
1095,198050.76
1096,79783.97333333334
1097,13115.99
1098,51855.94
1099,64904.72
1100,25049.43
1101,41692.51
1102,26134.9
1103,40402.57
1104,11948.84
1105,42215.01
1106,33413.09
1107,26407.74
1108,15488.44
1109,10821.4
1110,18325.15
1111,24550.51
1112,14197.66
1113,7665.31
1114,51555.54
1115,17249.87
1116,21966.85
1117,25150.36
1118,22632.31
1119,7352.58
1120,67080.0
1121,23998.57
1122,26731.64
1123,26861.51
1124,39715.67
1125,22946.44
1126,39365.8
1127,27919.98
1128,30481.18
1129,26879.95
1130,20316.11
1131,43331.36333333334
1132,29737.95
1133,21882.7
1134,7090.19
1135,18483.57
1136,39242.57
1137,31934.47
1138,26424.0
1139,132039.66
1140,25063.87
1141,27358.98
1142,100546.35
1143,44830.62
1144,29660.17
1145,72217.3472142857
1146,8859.12
1147,36883.11
1148,21258.15
1149,33744.41
1150,14798.77
1151,28972.07
1152,19135.33
1153,33046.89
1154,44932.42
1155,108117.16
1156,20725.58
1157,13326.85
1158,56698.86
1159,50257.81
1160,62248.03
1161,11025.89
1162,56004.43
1163,32734.03
1164,18032.6
1165,27838.29
1166,69926.76
1167,20829.67
1168,54628.72
1169,30676.12
1170,24180.21
1171,9179.9
1172,53872.4
1173,30968.43
1174,21205.27
1175,36730.34
1176,21467.63
1177,27848.8
1178,32993.37
1179,191053.44
1180,20002.36
1181,15303.87
1182,13882.47
1183,28838.06
1184,28602.93
1185,46816.54
1186,67579.18
1187,24192.91
1188,29335.51
1189,27172.99
1190,20534.31
1191,37217.51
1192,13729.36
1193,48293.4
1194,29951.82
1195,15313.66
1196,12730.69
1197,28071.39
1198,40460.03
1199,65129.63
1200,37137.45
1201,41326.66
1202,30487.11
1203,24689.89
1204,10476.3
1205,28070.26
1206,27569.74
1207,71320.57
1208,36882.78
1209,30576.81
1210,41980.75
1211,41256.43
1212,41074.45
1213,53627.27
1214,25883.1
1215,24470.02
1216,17103.22
1217,64388.9
1218,111239.54099999998
1219,26071.1
1220,18644.39
1221,16140.99
1222,29629.23
1223,93412.28
1224,28874.63
1225,27814.17
1226,34201.8
1227,46017.78
1228,23236.97
1229,72742.45
1230,51739.22
1231,98314.59
1232,45078.05
1233,71961.85
1234,49620.87
1235,40339.72
1236,27455.78
1237,15614.84
1238,35463.39
1239,34506.45
1240,47163.92
1241,14730.06
1242,73744.88554761905
1243,54432.79
1244,24374.1
1245,10040.61
1246,10297.69
1247,25996.51
1248,22044.43
1249,25878.23
1250,44878.25
1251,11579.55
1252,12236.3
1253,10589.41
1254,13269.52
1255,28382.11
1256,13080.03
1257,53701.27
1258,47020.45
1259,26713.5
1260,79433.61835714286
1261,27642.81
1262,130344.96
1263,30003.61
1264,9538.15
1265,23196.14
1266,15452.6
1267,24838.89
1268,18800.99
1269,42137.29
1270,18378.07
1271,10678.7
1272,32000.89
1273,24961.95
1274,29496.21
1275,6761.07
1276,22591.02
1277,25449.91
1278,42998.03333333333
1279,45739.02
1280,9437.5
1281,19675.33
1282,7179.6
1283,7550.57
1284,38825.44
1285,20499.03
1286,30291.78
1287,8238.63
1288,27213.48
1289,15097.89
1290,25429.2
1291,30396.75
1292,8899.89
1293,16282.8
1294,61815.02
1295,29399.07
1296,26305.28
1297,74988.12
1298,48103.30833333333
1299,111239.54099999998
1300,21853.83
1301,111774.11
1302,192150.44
1303,34295.2
1304,61625.18
1305,22475.03
1306,8071.26
1307,39448.21
1308,114571.46
1309,14040.12
1310,20186.51
1311,33471.72
1312,28503.19
1313,29587.34
1314,35040.36
1315,20743.63
1316,25251.2
1317,19142.09
1318,40713.48
1319,14125.39
1320,23487.37
1321,18841.41
1322,63474.41
1323,37611.70333333333
1324,42619.9
1325,14586.78
1326,42248.55
1327,64530.19
1328,45260.31666666666
1329,40445.03
1330,38152.28
1331,45217.74
1332,38930.19
1333,16529.26
1334,69222.36
1335,77861.75504761905
1336,35582.04
1337,26673.29
1338,52129.92
1339,36492.98
1340,25572.84
1341,10425.34
1342,43140.82
1343,26484.03
1344,53724.52
1345,27001.04
1346,34287.0
1347,23566.33
1348,27051.64
1349,40306.11
1350,44740.21
1351,25338.97
1352,13375.89
1353,16319.95
1354,44195.93
1355,32687.17
1356,32218.59
1357,66546.07
1358,13897.47
1359,80172.95
1360,81139.48
1361,29622.35
1362,25875.58
1363,45016.73
1364,11171.01
1365,46936.59
1366,24386.22
1367,10859.34
1368,58911.54
1369,42087.86
1370,18853.42
1371,43938.14
1372,8982.8
1373,19935.4
1374,82280.15
1375,19836.13
1376,22332.21
1377,18122.43
1378,35840.02
1379,78850.18583333334
1380,28077.71
1381,26719.72
1382,21693.29
1383,49799.73
1384,52263.17
1385,13378.21
1386,32707.82
1387,32549.56
1388,41089.79
1389,8936.33
1390,29707.1
1391,7598.69
1392,21741.54
1393,77046.11416666667
1394,28097.42
1395,139456.36
1396,64508.94
1397,11179.77
1398,19423.13
1399,11538.38
1400,46162.78
1401,110330.3
1402,24900.64
1403,49866.82333333334
1404,63595.994000000006
1405,25169.23
1406,12886.17
1407,18959.12
1408,47195.29
1409,30157.04
1410,36841.79
1411,70057.05673809524
1412,53617.57
1413,7160.72
1414,18737.09
1415,32016.0
1416,37281.94
1417,79213.68166666666
1418,25119.86
1419,20055.78
1420,18165.76
1421,40206.88
1422,25359.75
1423,16228.44
1424,9995.15
1425,24334.8
1426,14607.32
1427,21013.08
1428,26050.35
1429,24263.16
1430,32028.24
1431,36008.21
1432,31402.96
1433,13599.73
1434,11910.73
1435,23645.48
1436,24035.45
1437,39382.25
1438,28310.24
1439,51858.64
1440,11811.99
1441,9208.56
1442,25599.3
1443,29906.69
1444,27864.82
1445,40595.54
1446,13539.21
1447,18192.6
1448,39033.25
1449,45019.78
1450,43058.6
1451,12663.38
1452,9865.7
1453,53544.50666666667
1454,25848.86
1455,25139.06
1456,53463.97
1457,48343.5
1458,28592.77
1459,35585.03
1460,24133.22
1461,31000.33
1462,27724.74
1463,26917.3
1464,13696.86
1465,11503.47
1466,46981.18
1467,8723.81
1468,278436.65
1469,37643.32
1470,25831.17
1471,47718.05
1472,43949.25333333333
1473,52477.58
1474,23043.09
1475,32596.52
1476,18716.72
1477,15916.47
1478,56448.68
1479,19244.37
1480,29704.7
1481,9160.16
1482,29772.34
1483,45382.34
1484,51097.17
1485,14672.34
1486,34471.5
1487,14699.01
1488,54917.69
1489,35265.01
1490,34108.8
1491,23073.66
1492,46769.79
1493,26503.89
1494,23891.33
1495,54263.39
1496,18236.19
1497,35232.6
1498,188559.3881666667
1499,16268.51
1500,21095.67
1501,63257.46
1502,8867.05
1503,49174.795
1504,52227.93
1505,17233.39
1506,26944.52
1507,12932.36
1508,66250.04
1509,61865.57
1510,14120.05
1511,27496.73
1512,24513.49
1513,22802.72
1514,59205.99
1515,34011.04
1516,42376.12
1517,10571.06
1518,73123.70554761906
1519,26091.97
1520,34281.48
1521,28320.34
1522,53731.1
1523,10638.24
1524,34613.9
1525,18531.88
1526,33506.21
1527,47321.18
1528,26855.65
1529,35907.98
1530,39471.22
1531,49592.03
1532,73033.12216666667
1533,21871.16
1534,280673.555
1535,40035.57
1536,95416.87666666668
1537,24710.18
1538,32162.32
1539,17306.46
1540,57783.58
1541,24493.05
1542,127744.275
1543,12686.27
1544,52721.87
1545,73428.337
1546,24098.25
1547,7392.75
1548,39916.4
1549,34286.06
1550,30500.64
1551,41584.22
1552,42033.42
1553,19811.77
1554,29626.07
1555,39843.37
1556,38398.44
1557,55917.66
1558,45484.84
1559,22632.54
1560,27665.45
1561,23688.59
1562,26001.81
1563,32289.34
1564,13114.21
1565,20987.11
1566,92832.92
1567,14472.49
1568,20994.95
1569,29463.46
1570,14051.05
1571,229243.965
1572,13069.8
1573,40674.15
1574,35111.95
1575,44219.4
1576,92790.37
1577,132087.19
1578,29158.5
1579,27654.93
1580,22631.78
1581,49277.57
1582,31566.67
1583,33825.56
1584,15811.82
1585,14181.13
1586,29663.32
1587,29556.32
1588,49675.07
1589,32118.53
1590,11678.18
1591,16092.97
1592,13401.58
1593,24632.41
1594,55726.97
1595,51285.53
1596,22730.33
1597,42752.25
1598,38119.11
1599,28889.45
1600,13237.37
1601,48131.46333333334
1602,13784.69
1603,16584.88
1604,16951.07
1605,24421.05
1606,32516.05
1607,19243.92
1608,33862.67
1609,64799.35
1610,40944.94
1611,40436.1
1612,66033.15666666666
1613,33195.01
1614,121350.905
1615,21559.42
1616,169115.68
1617,41788.24
1618,16558.14
1619,27687.5
1620,24208.88
1621,10232.57
1622,23698.15
1623,27817.24
1624,21502.32
1625,35253.95
1626,12526.61
1627,18626.14
1628,16892.16
1629,35374.52
1630,13750.04
1631,70406.19
1632,25914.45
1633,21383.59
1634,71009.44
1635,37718.77
1636,93974.54
1637,8230.31
1638,28029.99
1639,204315.19666666666
1640,18664.56
1641,19472.79
1642,44772.77
1643,42356.8
1644,52290.77
1645,21705.74
1646,14746.34
1647,23740.24
1648,14033.35
1649,59231.37666666667
1650,32477.59
1651,91164.805
1652,26177.06
1653,43826.58
1654,43144.69
1655,54192.91
1656,47221.09
1657,12994.12
1658,26409.74
1659,34403.37
1660,89802.06166666668
1661,28343.02
1662,31101.63
1663,14101.03
1664,12805.99
1665,23665.9
1666,62549.36697222222
1667,10308.63
1668,26141.19
1669,29796.02
1670,23921.06
1671,41429.73
1672,9911.54
1673,161068.92
1674,44897.24
1675,16284.32
1676,48918.91
1677,18257.37
1678,16651.86
1679,19348.55
1680,15750.77
1681,35253.58
1682,56766.54
1683,7230.39
1684,26390.84
1685,12937.04
1686,59800.66
1687,28199.53
1688,12275.57
1689,120100.275
1690,30080.78
1691,46015.64666666667
1692,44524.56
1693,31820.67
1694,28064.22
1695,79893.003
1696,47455.15
1697,89909.70666666668
1698,23938.88
1699,20726.71
1700,31944.87
1701,20434.47
1702,61696.22
1703,76863.32
1704,43091.39
1705,19210.5
1706,58800.96
1707,17032.18
1708,25229.4
1709,10732.34
1710,43931.81
1711,36934.24
1712,38020.66
1713,33717.27
1714,66696.69
1715,23240.15
1716,24526.81
1717,59330.18
1718,49185.28
1719,22157.82
1720,59415.80833333334
1721,27854.75
1722,25877.12
1723,47845.84
1724,72976.32983333334
1725,21389.45
1726,38229.92
1727,39185.63
1728,12837.25
1729,43690.13
1730,19762.13
1731,36083.87
1732,51675.87
1733,13378.5
1734,11693.97
1735,12918.9
1736,47276.82
1737,18118.8
1738,73302.14083333332
1739,21315.49
1740,39848.61
1741,37148.22
1742,27057.67
1743,15301.21
1744,38705.87
1745,31103.23
1746,12224.99
1747,46207.19
1748,23673.29
1749,30662.51
1750,18303.36
1751,39586.74
1752,22144.94
1753,25264.11
1754,43733.96
1755,28937.81
1756,14773.99
1757,39268.94
1758,24524.62
1759,35131.04
1760,58413.94
1761,44852.74
1762,22325.15
1763,43493.77
1764,23018.89
1765,28292.86
1766,76030.48761904762
1767,65817.9
1768,24559.59
1769,43041.53
1770,12980.37
1771,349160.82
1772,23630.99
1773,32416.58
1774,37573.57
1775,35210.81
1776,14641.51
1777,28124.48
1778,20523.79
1779,23489.1
1780,46732.7
1781,20791.51
1782,14953.04
1783,54684.73
1784,24266.55
1785,31332.59
1786,32463.09
1787,24501.18
1788,34823.75
1789,20217.74
1790,38893.98
1791,22452.88
1792,21585.87
1793,6947.33
1794,26597.52
1795,23764.87
1796,41044.7
1797,11995.0
1798,19216.35
1799,39351.89
1800,71633.65
1801,56652.97
1802,50361.35
1803,22514.78
1804,140894.19
1805,68620.84333333332
1806,33578.18
1807,18445.37
1808,11683.77
1809,176850.75
1810,38239.64
1811,34872.57
1812,25657.04
1813,39145.9
1814,12303.48
1815,43664.18
1816,19433.09
1817,7031.14
1818,24416.57
1819,37384.85
1820,10590.92
1821,46069.8
1822,89269.11
1823,50879.77
1824,43596.63
1825,9363.44
1826,76509.3
1827,9372.28
1828,38726.53
1829,32864.07
1830,34625.08
1831,49919.47
1832,68772.52828571429
1833,30796.7
1834,26431.48
1835,62506.524000000005
1836,43251.28666666666
1837,39478.47
1838,21569.61
1839,26267.1
1840,17143.72
1841,194997.97
1842,19477.32
1843,56110.55
1844,10422.56
1845,34304.47
1846,75186.88
1847,11480.44
1848,52298.13
1849,39512.96
1850,37446.25
1851,56532.55
1852,45917.06
1853,27277.83
1854,20955.4
1855,35819.11
1856,79044.99
1857,19588.04
1858,19203.66
1859,12063.03
1860,61594.11
1861,29689.66
1862,51046.55
1863,29589.23
1864,57671.22
1865,35782.3
1866,31313.97
1867,43893.87
1868,17800.78
1869,66709.19
1870,33885.5
1871,19000.96
1872,26925.78
1873,34770.59
1874,9842.01
1875,11070.43
1876,13937.01
1877,18789.44
1878,124910.48
1879,19168.15
1880,26163.65
1881,24521.58
1882,38252.35
1883,34063.77
1884,13425.77
1885,54340.305
1886,14305.69
1887,20152.39
1888,32716.23
1889,20164.38
1890,18324.81
1891,50424.32
1892,21582.38
1893,29096.93
1894,33298.09
1895,50575.32
1896,25038.98
1897,24197.26
1898,18396.31
1899,55041.71
1900,33848.89
1901,45096.15
1902,57306.174000000006
1903,68535.03
1904,30655.31
1905,15129.44
1906,12930.99
1907,37814.91
1908,32171.85
1909,40725.77
1910,41110.01
1911,13121.2
1912,63406.6
1913,26476.0
1914,11839.42
1915,151298.85
1916,24380.36
1917,23828.84
1918,36161.64
1919,5113.63
1920,11151.08
1921,38285.71
1922,29721.79
1923,41728.58
1924,43676.78
1925,30776.6
1926,18852.02
1927,15889.28
1928,82943.95
1929,79279.07216666666
1930,57629.31
1931,10145.16
1932,23846.54
1933,15740.47
1934,21851.92
1935,15136.11
1936,46854.215
1937,69289.96
1938,128675.345
1939,44619.14
1940,62112.91
1941,83314.55
1942,123237.31
1943,55942.99
1944,45927.806666666664
1945,27882.44
1946,16861.45
1947,34731.97
1948,28800.91
1949,10945.51
1950,34553.73
1951,97308.75
1952,32601.59
1953,29888.33
1954,30210.58
1955,65745.34
1956,19141.17
1957,30371.31
1958,60108.554000000004
1959,28054.15
1960,66193.2
1961,54353.07
1962,53081.17
1963,28391.67
1964,10465.71
1965,16328.97
1966,33793.06
1967,48357.79
1968,53483.25
1969,35042.3
1970,17350.52
1971,19818.69
1972,46737.36
1973,50540.09
1974,8253.25
1975,7095.04
1976,17220.25
1977,45192.44
1978,17247.91
1979,13641.23
1980,39505.26
1981,54909.29
1982,12977.33
1983,15480.02
1984,26318.72
1985,24507.61
1986,24394.32
1987,21327.36
1988,29241.96
1989,37445.66
1990,32718.96
1991,9846.29
1992,29537.78
1993,46375.33
1994,14337.47
1995,39410.6
1996,61322.83
1997,31825.75
1998,44868.89
1999,53247.7
2000,10400.1
2001,9102.06
2002,18845.19
2003,12321.78
2004,35283.73333333333
2005,16024.04
2006,57591.97
2007,48744.11
2008,74648.51166666667
2009,32791.22
2010,30189.15
2011,56261.47
2012,68530.56666666667
2013,20436.55
2014,26498.0
2015,8582.24
2016,49737.64
2017,41982.34
2018,57428.11
2019,32328.15
2020,17893.86
2021,30500.17
2022,101583.23
2023,32862.35
2024,30477.69
2025,24941.85
2026,19043.21
2027,25358.4
2028,39567.63
2029,60876.06
2030,16428.81
2031,59937.86
2032,41272.12
2033,52099.095
2034,68121.6315
2035,45182.59
2036,34757.95
2037,40123.96
2038,166336.13833333334
2039,29376.93
2040,27791.04
2041,36976.06
2042,42526.37
2043,30940.88
2044,24077.29
2045,19009.42
2046,7777.96
2047,36475.91
2048,8025.62
2049,30048.95
2050,42004.12
2051,36931.84
2052,46982.92
2053,18550.21
2054,29492.32
2055,32892.62
2056,81316.84833333334
2057,28212.36
2058,24133.22
2059,10528.6
2060,81651.94
2061,25544.84
2062,12634.53
2063,40818.35
2064,54114.33
2065,177385.46
2066,21495.0
2067,35698.57
2068,95237.93
2069,22712.22
2070,18314.68
2071,37660.58
2072,45227.59
2073,31902.64
2074,122943.46
2075,79046.48154761904
2076,166975.11
2077,38128.65
2078,7516.64
2079,11798.57
2080,10941.45
2081,17437.86
2082,54125.43
2083,13086.06
2084,42983.54
2085,45717.54
2086,14316.43
2087,25295.95
2088,25336.3
2089,284438.37
2090,32259.49
2091,18706.88
2092,54717.43
2093,23988.79
2094,60357.52
2095,52970.38
2096,100703.345
2097,38708.68
2098,19980.29
2099,159643.595
2100,6540.24
2101,29854.03
2102,11013.06
2103,9856.19
2104,25509.14
2105,35799.2
2106,74514.55
2107,44694.18
2108,54264.45333333333
2109,15066.94
2110,30813.51
2111,41084.97
2112,12735.39
2113,51265.31
2114,19145.26
2115,34766.37
2116,48072.41
2117,16956.18
2118,32430.64
2119,103196.22
2120,71907.32
2121,154907.71833333335
2122,52715.62
2123,21907.28
2124,49515.58
2125,16624.57
2126,18507.59
2127,6101.05
2128,207843.11833333335
2129,27004.22
2130,22376.4
2131,14751.1
2132,63124.41
2133,40351.03
2134,34381.17
2135,8856.22
2136,26368.84
2137,25921.01
2138,50270.29
2139,54739.63
2140,30892.74
2141,174873.86
2142,22180.15
2143,176417.425
2144,46302.87
2145,10578.88
2146,30699.34
2147,37793.25
2148,15774.67
2149,48786.98
2150,37128.68
2151,224949.39833333332
2152,31578.84
2153,46544.44
2154,19711.19
2155,57949.85
2156,48755.86
2157,17417.1
2158,41713.17
2159,51619.03
2160,115817.46
2161,31763.38
2162,41726.38
2163,48631.06
2164,13310.47
2165,33819.07
2166,24228.0
2167,33741.74
2168,117892.81
2169,30485.7
2170,33312.98
2171,37705.91
2172,10080.41
2173,14966.36
2174,13454.66
2175,36225.52
2176,73859.24
2177,14958.67
2178,41244.23
2179,27955.77
2180,20001.56
2181,57404.72
2182,20642.51
2183,46141.92
2184,18552.98
2185,204419.13
2186,34073.17
2187,26971.59
2188,38363.47
2189,27383.65
2190,165179.04
2191,27271.53
2192,44000.22
2193,30625.84
2194,45859.79
2195,32259.68
2196,36258.56
2197,20250.96
2198,62643.78
2199,95724.82
2200,59565.12
2201,95933.56
2202,49995.4
2203,58016.2
2204,49391.7
2205,10295.94
2206,42036.63
2207,17882.86
2208,46919.42
2209,40876.73
2210,14462.97
2211,62127.79
2212,76652.438
2213,44228.51
2214,44666.15
2215,39134.22
2216,54142.265
2217,20169.43
2218,32932.9
2219,32291.42
2220,69246.94
2221,13198.52
2222,25703.68
2223,28803.35
2224,32832.58
2225,20059.74
2226,10174.06
2227,46985.61
2228,41483.21666666667
2229,78933.70222222223
2230,23977.32
2231,39348.94
2232,17705.61
2233,29262.27
2234,6301.06
2235,61883.22
2236,32146.85
2237,25677.72
2238,6166.69
2239,36263.28
2240,134924.86
2241,50074.285
2242,65804.38
2243,167070.95
2244,41370.85
2245,23166.24
2246,26333.66
2247,16675.3
2248,76130.00166666666
2249,38564.95
2250,36253.91
2251,52782.72
2252,40807.58
2253,18456.94
2254,22508.45
2255,22913.54
2256,65524.25
2257,16563.23
2258,38095.94
2259,16320.3
2260,19886.53
2261,66109.44
2262,35848.21
2263,65273.46
2264,33711.91
2265,20377.84
2266,29769.72
2267,11756.25
2268,49050.26
2269,38629.71
2270,56457.77
2271,33882.74
2272,23377.56
2273,34295.32
2274,30354.63
2275,29232.8
2276,89174.095
2277,37745.24
2278,10130.7
2279,26469.02
2280,73063.04
2281,155382.77
2282,38353.03333333333
2283,29971.23
2284,27653.44
2285,19384.99
2286,19211.05
2287,31062.51
2288,17888.14
2289,38313.63
2290,25163.21
2291,39545.73
2292,27021.53
2293,89424.2
2294,35355.17
2295,24968.92
2296,35266.8
2297,49958.48
2298,150091.66
2299,43358.10666666666
2300,14385.62
2301,30334.26
2302,13988.55
2303,15918.22
2304,20197.59
2305,30387.88
2306,91568.31
2307,22512.17
2308,8353.0
2309,10028.58
2310,29231.55
2311,7840.91
2312,9030.73
2313,71608.95166666668
2314,11634.81
2315,54227.38
2316,35144.15
2317,29677.97
2318,15140.03
2319,9848.81
2320,19343.49
2321,21718.74
2322,23606.96
2323,54363.45
2324,19636.64
2325,103529.40416666666
2326,11897.63
2327,44635.57
2328,51706.47
2329,21486.07
2330,10284.95
2331,185551.03
2332,47948.99
2333,32571.05
2334,39438.14
2335,25594.23
2336,20321.47
2337,10660.81
2338,47934.02
2339,38948.45
2340,23075.07
2341,20601.73
2342,26126.33
2343,23463.92
2344,27067.02
2345,109123.46
2346,20569.61
2347,30206.19
2348,25220.34
2349,23670.19
2350,47554.26
2351,31765.19
2352,23000.53
2353,21370.7
2354,28277.07
2355,15830.43
2356,14106.47
2357,15804.53
2358,21823.86
2359,22289.51
2360,12112.23
2361,11722.39
2362,19649.03
2363,33946.56
2364,27649.62
2365,34592.71
2366,93835.11
2367,17893.3
2368,12962.59
2369,72035.125
2370,79229.485
2371,23846.67
2372,32729.68
2373,12146.08
2374,13997.12
2375,10374.81
2376,14132.38
2377,32297.41
2378,18873.67
2379,50009.91
2380,24178.95
2381,20453.04
2382,55017.67
2383,46793.39
2384,42354.04
2385,18506.94
2386,143264.72
2387,71781.68
2388,39682.37
2389,43593.46
2390,40626.43
2391,54740.22
2392,18361.66
2393,86208.08571428571
2394,44890.72
2395,31108.99
2396,20957.66
2397,19316.21
2398,12030.95
2399,34550.34
2400,8352.69
2401,32449.36
2402,40258.15
2403,40943.25
2404,11816.77
2405,52484.05
2406,21090.32
2407,47542.14333333334
2408,54414.14
2409,21628.33
2410,13677.33
2411,47114.5
2412,18842.56
2413,29868.32
2414,47504.47
2415,43530.82
2416,34438.78
2417,47582.67
2418,41589.34
2419,52302.18
2420,12445.88
2421,37673.07
2422,28544.23
2423,10863.87
2424,29047.56
2425,42431.68
2426,59438.8
2427,17550.37
2428,13819.52
2429,16914.35
2430,40285.25
2431,45132.32
2432,48746.27
2433,15211.17
2434,114101.56
2435,33652.29
2436,7553.05
2437,39356.53
2438,37820.32
2439,60719.53
2440,72381.52
2441,27561.19
2442,113442.88366666668
2443,70023.62
2444,48624.07
2445,53926.59
2446,25504.77
2447,18128.57
2448,8245.37
2449,26972.41
2450,65845.97
2451,18165.47
2452,21852.63
2453,23129.02
2454,66067.49333333335
2455,71592.885
2456,36190.75
2457,69301.32
2458,9468.84
2459,24593.0
2460,13143.41
2461,24511.55
2462,14376.11
2463,37163.81999999999
2464,13051.01
2465,37688.27
2466,74894.22
2467,89178.04
2468,9312.83
2469,26871.22
2470,33988.62
2471,18359.12
2472,37028.37
2473,41009.71
2474,9137.62
2475,57791.81666666667
2476,40309.49
2477,33096.66
2478,93222.24
2479,38945.74
2480,18469.53
2481,179915.42
2482,38245.41
2483,29725.77
2484,13966.94
2485,28130.77
2486,6991.71
2487,56198.49666666667
2488,32194.74
2489,31394.74
2490,26717.44
2491,14724.72
2492,29248.57
2493,64099.47
2494,48873.94
2495,70419.53222222222
2496,26452.16
2497,35243.68
2498,20310.41
2499,34990.79
2500,76517.924
2501,125035.26
2502,34601.85
2503,33973.74
2504,15372.76
2505,46786.18
2506,36200.52
2507,44313.98
2508,43006.56
2509,13903.43
2510,34056.45
2511,33898.67
2512,46100.68
2513,45891.51
2514,51780.01
2515,52261.91
2516,24514.76
2517,14357.73
2518,20469.85
2519,22967.65
2520,26031.11
2521,36259.09
2522,58145.28
2523,13656.11
2524,22839.55
2525,33600.06
2526,11043.01
2527,30427.74
2528,62915.21833333334
2529,36028.07
2530,28672.24
2531,45212.99
2532,18747.76
2533,38189.41
2534,36975.10333333333
2535,12198.15
2536,12671.84
2537,47037.17
2538,220725.2
2539,37970.59666666667
2540,14529.05
2541,26227.13
2542,25841.62
2543,60670.69
2544,29685.91
2545,20888.22
2546,138909.38
2547,38492.24
2548,27053.02
2549,22865.1
2550,25597.1
2551,68664.03
2552,37784.24
2553,39876.98
2554,18973.74
2555,28783.11
2556,41711.66
2557,34782.55
2558,23916.91
2559,43687.36
2560,42539.59
2561,41640.58
2562,45756.75
2563,39778.74
2564,22504.11
2565,26851.7
2566,14021.08
2567,71933.63
2568,89470.18
2569,51554.89
2570,36741.62
2571,11188.53
2572,403965.43
2573,38927.1
2574,13438.54
2575,59710.78
2576,12957.55
2577,27483.2
2578,62766.82333333334
2579,18841.86
2580,12371.42
2581,22987.91
2582,12333.39
2583,34588.5
2584,6720.41
2585,26577.41
2586,63306.71
2587,14506.99
2588,23807.83
2589,45421.11
2590,21995.51
2591,65114.1
2592,14619.43
2593,43125.88
2594,53939.61
2595,93515.79
2596,21777.2
2597,42291.33
2598,18319.18
2599,61123.45
2600,20684.76
2601,65254.07
2602,21367.51
2603,18057.35
2604,72696.23
2605,26749.62
2606,46615.89
2607,21658.0
2608,52757.3
2609,20903.62
2610,68815.24161904762
2611,35109.19
2612,33222.49
2613,30740.69
2614,9857.33
2615,27596.11
2616,35022.27
2617,12467.97
2618,33844.07
2619,29430.81
2620,99444.41
2621,17337.89
2622,40044.33
2623,40293.07
2624,13680.63
2625,11311.02
2626,39037.47666666666
2627,26227.27
2628,11082.33
2629,32503.11
2630,19100.93
2631,80952.255
2632,35702.27
2633,8842.24
2634,18850.8
2635,38273.19
2636,19188.45
2637,30209.1
2638,42596.42
2639,47372.14
2640,55665.81
2641,50266.06
2642,57551.694
2643,13618.77
2644,21389.37
2645,30388.96
2646,29563.14
2647,41328.04
2648,27013.08
2649,12175.68
2650,27007.21
2651,47655.8
2652,86256.18
2653,46377.51
2654,25955.87
2655,36152.94
2656,29628.79
2657,8230.21
2658,14962.9
2659,60553.42
2660,33582.55
2661,32123.81
2662,19565.49
2663,10963.37
2664,78916.92
2665,11307.84
2666,21796.09
2667,12588.47
2668,29043.51
2669,15991.22
2670,70091.18
2671,22977.6
2672,39083.0
2673,46263.93
2674,30899.0
2675,87877.94
2676,20433.86
2677,81934.62
2678,35379.7
2679,21517.84
2680,66389.29
2681,53002.33
2682,10740.0
2683,38307.37
2684,17840.55
2685,31198.41
2686,21366.77
2687,31328.61
2688,15124.3
2689,42400.61
2690,26859.56
2691,26249.79
2692,22118.26
2693,12440.61
2694,19582.51
2695,64536.95333333333
2696,33623.11
2697,84867.82315476192
2698,11002.83
2699,33924.3
2700,29665.81
2701,34819.81
2702,26507.67
2703,30831.2
2704,29724.65
2705,32563.06
2706,26656.97
2707,32373.22
2708,43687.99
2709,23864.68
2710,40454.4
2711,16114.93
2712,9577.58
2713,15312.02
2714,131829.08
2715,12485.73
2716,24549.05
2717,35206.55
2718,11969.03
2719,9628.12
2720,62117.7
2721,34725.42
2722,41113.74
2723,33978.45
2724,7796.21
2725,46998.98
2726,35180.95
2727,28883.47
2728,111862.52
2729,9595.3
2730,18468.27
2731,17070.42
2732,56027.72
2733,19346.65
2734,21687.67
2735,18685.69
2736,44842.09
2737,14274.16
2738,210765.71
2739,63879.71
2740,70192.57
2741,46013.7
2742,19359.77
2743,32404.7
2744,36904.21
2745,62487.823333333334
2746,12814.34
2747,68020.11
2748,17867.98
2749,29165.6
2750,40490.92
2751,61721.52
2752,28784.97
2753,19840.49
2754,32256.71
2755,20810.95
2756,20916.61
2757,22913.22
2758,76734.74
2759,10202.29
2760,19664.58
2761,18780.0
2762,72638.19416666667
2763,30332.59
2764,11204.77
2765,14906.94
2766,68916.26071428572
2767,34595.66
2768,57196.75
2769,44240.22
2770,62332.47
2771,23634.33
2772,14943.0
2773,35420.41
2774,45767.9
2775,17458.93
2776,8912.4
2777,216967.1
2778,40275.86
2779,47181.77
2780,124992.07
2781,29289.41
2782,43177.06
2783,24398.28
2784,30096.6
2785,27995.67
2786,28598.17
2787,47991.00333333334
2788,19882.69
2789,53944.36333333334
2790,39910.48
2791,31082.96
2792,14397.77
2793,20981.06
2794,32693.84
2795,9166.37
2796,19513.42
2797,24722.2
2798,25466.32
2799,7614.06
2800,22221.93
2801,59985.45
2802,37131.26
2803,43035.58
2804,52982.14
2805,11774.84
2806,83394.67
2807,8880.62
2808,12296.34
2809,37939.63
2810,25383.74
2811,22242.82
2812,63977.17833333333
2813,23590.98
2814,16663.67
2815,43588.33
2816,34177.18
2817,18702.41
2818,74895.08654761905
2819,24325.06
2820,18282.3
2821,15387.39
2822,13769.6
2823,15451.07
2824,10343.3
2825,73253.07
2826,55893.17
2827,18565.43
2828,26811.58
2829,51280.845
2830,26434.38
2831,15491.96
2832,48333.44
2833,32511.01
2834,13405.97
2835,19830.78
2836,9270.43
2837,79143.08833333333
2838,33859.38
2839,35200.59
2840,47249.34
2841,22922.44
2842,47152.52
2843,21319.76
2844,43823.14666666666
2845,17624.04
2846,29014.57
2847,36805.3
2848,49788.46
2849,11678.5
2850,171028.86
2851,42394.56
2852,33074.94
2853,37545.46
2854,22736.16
2855,27216.54
2856,81190.83666666667
2857,36662.72
2858,15813.1
2859,53047.16
2860,34616.76
2861,19070.5
2862,11358.73
2863,147471.09
2864,47285.76
2865,17288.68
2866,29486.34
2867,21688.13
2868,34713.2
2869,35595.9
2870,30194.0
2871,73857.37
2872,62197.74
2873,27319.3
2874,27980.46
2875,26000.65
2876,10800.52
2877,26238.96
2878,11782.03
2879,38155.86
2880,8807.75
2881,74797.01
2882,81878.18666666668
2883,31573.12
2884,38456.25
2885,14565.59
2886,35392.87
2887,26572.9
2888,93907.99
2889,27946.89
2890,86622.56943650794
2891,17666.71
2892,21630.34
2893,25699.85
2894,23961.43
2895,10213.77
2896,10411.38
2897,78184.27976984129
2898,13951.4
2899,17976.42
2900,24312.03
2901,40304.77
2902,33242.96
2903,8098.58
2904,133385.95
2905,35879.95
2906,50931.24
2907,7566.72
2908,10482.17
2909,117152.89
2910,42401.38
2911,14835.82
2912,32122.52
2913,34555.77
2914,47027.95
2915,19629.9
2916,39272.18
2917,21928.64
2918,39680.83
2919,51520.22
2920,52313.97
2921,12291.53
2922,27282.58
2923,50746.28
2924,42089.09
2925,39524.99
2926,33278.00333333333
2927,11692.0
2928,12779.6
2929,53424.92
2930,12463.49
2931,35206.12
2932,175913.1
2933,28905.69
2934,8420.78
2935,51279.83
2936,17545.55
2937,18371.1
2938,68515.77
2939,14620.06
2940,44624.78
2941,9589.19
2942,31210.84
2943,25724.27
2944,30535.55
2945,38489.46
2946,23118.14
2947,63169.72
2948,19818.39
2949,17483.48
2950,22726.31
2951,6417.43
2952,33877.63
2953,37909.43
2954,41459.01
2955,40221.31
2956,21921.18
2957,50374.72
2958,20582.35
2959,8484.3
2960,24250.49
2961,46513.91
2962,17505.2
2963,22467.43
2964,39979.04
2965,56923.37
2966,51444.53
2967,31181.98
2968,44308.48
2969,15778.07
2970,14013.65
2971,13834.89
2972,15015.06
2973,36554.47666666667
2974,29860.12
2975,112345.68
2976,30781.75
2977,35967.32
2978,38469.41
2979,44917.31
2980,34726.13
2981,26022.3
2982,36482.82
2983,20775.27
2984,42388.13666666666
2985,98468.79
2986,15530.74
2987,17910.6
2988,39993.53
2989,28793.06
2990,24795.23
2991,38126.42
2992,28460.03
2993,20811.63
2994,28550.97
2995,16666.39
2996,33037.8
2997,62040.93222222222
2998,32397.05
2999,60728.26
3000,42804.95
3001,70682.54
3002,15014.75
3003,40803.025
3004,44492.78
3005,22023.33
3006,33101.2
3007,17963.27
3008,17303.24
3009,11717.14
3010,48504.03
3011,35936.85
3012,22139.73
3013,64633.05555555555
3014,29424.44
3015,33898.96
3016,11739.64
3017,41871.28666666667
3018,26265.24
3019,28745.7
3020,28880.94
3021,35785.63
3022,43612.12
3023,59724.11
3024,37885.06
3025,31552.6
3026,13844.02
3027,12964.81
3028,46519.72
3029,13169.93
3030,14041.92
3031,46925.29
3032,46651.22
3033,57824.73
3034,25033.91
3035,7438.66
3036,57019.94
3037,65657.11
3038,27086.09
3039,68529.98
3040,30545.29
3041,33318.95
3042,16607.53
3043,26571.47
3044,28888.1
3045,51899.94
3046,12748.74
3047,56742.74
3048,11564.16
3049,38578.61
3050,54279.25
3051,14569.01
3052,53774.38
3053,17250.29
3054,35508.08
3055,8223.95
3056,93964.03
3057,9370.46
3058,54897.2
3059,65827.19
3060,37726.53666666667
3061,23050.59
3062,33894.05
3063,34891.93
3064,18845.68
3065,22417.16
3066,32686.01
3067,39745.42
3068,21335.7
3069,30769.03
3070,21818.1
3071,63700.19
3072,39267.21
3073,55362.88666666667
3074,26267.83
3075,51955.4
3076,19086.12
3077,11561.12
3078,14912.64
3079,23341.51
3080,26376.24
3081,26360.69
3082,62367.84
3083,48037.03333333334
3084,43474.75
3085,25672.25
3086,34745.74
3087,32151.97
3088,49324.88
3089,40768.85
3090,28988.78
3091,23837.72
3092,21514.58
3093,32327.3
3094,25504.22
3095,15394.68
3096,24984.12
3097,16638.62
3098,23132.39
3099,27389.82
3100,39162.18
3101,24932.5
3102,483492.35
3103,131123.36
3104,68983.48916666667
3105,202161.03
3106,23660.21
3107,133907.61
3108,51709.74
3109,55490.09
3110,25286.17
3111,20446.08
3112,35112.3
3113,19557.09
3114,39915.38
3115,77364.87
3116,209149.9925
3117,15505.74
3118,74981.525
3119,41491.8
3120,13925.24
3121,44489.28
3122,47395.23
3123,43580.92
3124,34055.21
3125,8113.76
3126,34632.67
3127,12952.77
3128,77189.10633333333
3129,43994.6
3130,35587.02
3131,72475.28
3132,47780.39
3133,44339.8
3134,32158.71
3135,27629.96
3136,12709.91
3137,11408.68
3138,28950.83
3139,130946.33
3140,37293.75
3141,82150.9
3142,10807.99
3143,64577.21
3144,43170.19333333333
3145,37817.17
3146,22298.28
3147,29415.3
3148,38511.87
3149,45981.05
3150,41067.17333333333
3151,26761.86
3152,21659.82
3153,61169.92
3154,157578.04
3155,55273.5
3156,27583.45
3157,39510.74
3158,74512.05
3159,165997.47
3160,33576.14
3161,13804.24
3162,47178.21
3163,41368.92
3164,23141.03
3165,109872.75322222222
3166,85722.51
3167,17251.13
3168,35119.96
3169,29219.48
3170,22383.63
3171,35790.49
3172,26033.44
3173,55949.78
3174,12313.1
3175,78973.863
3176,27566.96
3177,8665.54
3178,10512.5
3179,46198.41
3180,59520.41333333333
3181,41882.16
3182,31699.7
3183,55261.74
3184,58865.88666666667
3185,61119.85
3186,72725.482
3187,13888.99
3188,34728.09
3189,40397.75
3190,26680.05
3191,40602.06
3192,34847.85
3193,19114.93
3194,17986.9
3195,75118.11
3196,29608.21
3197,41850.77
3198,41800.84
3199,14843.94
3200,47516.8
3201,27827.32
3202,24227.73
3203,45334.27
3204,18734.28
3205,31044.68
3206,179165.96
3207,33807.78
3208,27897.47
3209,42740.98
3210,33890.46
3211,33098.06
3212,20292.04
3213,19438.13
3214,21982.55
3215,20781.85
3216,10620.14
3217,21531.95
3218,39548.02
3219,23099.59
3220,37746.96
3221,28554.46
3222,22214.49
3223,407006.24
3224,23334.87
3225,39533.88
3226,10954.62
3227,43729.29
3228,17916.71
3229,20553.32
3230,34847.85
3231,31919.51
3232,50916.54
3233,15235.53
3234,13182.57
3235,46411.02
3236,64293.051222222224
3237,41827.67
3238,12519.61
3239,19508.74
3240,34864.82
3241,56500.85
3242,25205.47
3243,12718.33
3244,71044.913
3245,37114.84
3246,48817.63
3247,31017.41
3248,34343.23
3249,36219.28
3250,17181.93
3251,39554.9
3252,58284.34333333334
3253,39493.08
3254,28094.56
3255,14331.32
3256,12659.79
3257,17557.63
3258,14132.28
3259,24266.17
3260,23758.69
3261,33441.03
3262,48752.04
3263,16069.73
3264,33106.79
3265,31215.29
3266,47244.38
3267,24903.48
3268,74341.69333333334
3269,54099.87
3270,19306.76
3271,34212.22
3272,58298.235
3273,29071.22
3274,55003.36
3275,21580.52
3276,124227.55
3277,52446.39666666667
3278,53695.78
3279,32385.73
3280,77850.24666666667
3281,65884.96
3282,26092.98
3283,8336.74
3284,55630.07
3285,29628.94
3286,16707.76
3287,32502.88
3288,12336.19
3289,20827.37
3290,62449.12333333333
3291,50325.68
3292,19391.83
3293,31181.95
3294,12108.87
3295,10347.38
3296,13256.82
3297,27157.78
3298,17832.21
3299,28710.22
3300,18011.03
3301,51070.17
3302,162088.515
3303,8758.59
3304,17488.04
3305,30721.46
3306,38965.79
3307,42673.0
3308,15515.39
3309,21453.07
3310,7425.24
3311,14060.99
3312,27853.14
3313,31767.0
3314,19133.52
3315,55251.25
3316,14788.64
3317,30862.38
3318,36235.41
3319,31951.94
3320,48012.74
3321,34551.25
3322,13304.66
3323,18195.94
3324,53877.24
3325,29831.5
3326,27279.5
3327,110484.445
3328,32976.47
3329,13826.1
3330,13548.67
3331,28184.38
3332,19468.05
3333,18805.27
3334,17182.74
3335,19204.16
3336,49573.81
